,game_id,game_date,home_team_id,away_team_id
0,1,2023-03-30,1,17
1,2,2023-03-30,2,14
2,3,2023-03-30,3,8
3,4,2023-03-30,4,24
4,5,2023-03-30,5,21
5,6,2023-03-30,6,11
6,7,2023-03-30,7,12
7,8,2023-03-30,9,10
8,9,2023-03-30,13,18
9,10,2023-03-30,15,30
10,11,2023-03-30,16,25
11,12,2023-03-30,19,28
12,13,2023-03-30,20,27
13,14,2023-03-30,22,23
14,15,2023-03-30,26,29
15,16,2023-03-31,1,16
16,17,2023-03-31,2,7
17,18,2023-03-31,3,4
18,19,2023-03-31,5,19
19,20,2023-03-31,6,21
20,21,2023-03-31,8,9
21,22,2023-03-31,10,14
22,23,2023-03-31,11,20
23,24,2023-03-31,12,24
24,25,2023-03-31,13,28
25,26,2023-03-31,15,30
26,27,2023-03-31,17,26
27,28,2023-03-31,18,22
28,29,2023-03-31,23,25
29,30,2023-03-31,27,29
30,31,2023-04-01,1,18
31,32,2023-04-01,2,22
32,33,2023-04-01,3,7
33,34,2023-04-01,4,8
34,35,2023-04-01,5,28
35,36,2023-04-01,6,16
36,37,2023-04-01,9,14
37,38,2023-04-01,10,25
38,39,2023-04-01,11,13
39,40,2023-04-01,12,27
40,41,2023-04-01,15,30
41,42,2023-04-01,17,21
42,43,2023-04-01,19,24
43,44,2023-04-01,20,26
44,45,2023-04-01,23,29
45,46,2023-04-02,1,9
46,47,2023-04-02,2,22
47,48,2023-04-02,3,18
48,49,2023-04-02,4,21
49,50,2023-04-02,5,7
50,51,2023-04-02,6,15
51,52,2023-04-02,8,28
52,53,2023-04-02,10,13
53,54,2023-04-02,11,25
54,55,2023-04-02,12,16
55,56,2023-04-02,14,29
56,57,2023-04-02,17,20
57,58,2023-04-02,19,23
58,59,2023-04-02,24,30
59,60,2023-04-02,26,27
60,61,2023-04-03,1,6
61,62,2023-04-03,2,22
62,63,2023-04-03,3,21
63,64,2023-04-03,4,11
64,65,2023-04-03,5,23
65,66,2023-04-03,7,12
66,67,2023-04-03,8,27
67,68,2023-04-03,9,29
68,69,2023-04-03,10,13
69,70,2023-04-03,14,18
70,71,2023-04-03,15,19
71,72,2023-04-03,16,30
72,73,2023-04-03,17,20
73,74,2023-04-03,24,28
74,75,2023-04-03,25,26
75,76,2023-04-04,1,7
76,77,2023-04-04,2,13
77,78,2023-04-04,3,22
78,79,2023-04-04,4,27
79,80,2023-04-04,5,6
80,81,2023-04-04,8,23
81,82,2023-04-04,9,14
82,83,2023-04-04,10,20
83,84,2023-04-04,11,18
84,85,2023-04-04,12,28
85,86,2023-04-04,15,16
86,87,2023-04-04,17,25
87,88,2023-04-04,19,29
88,89,2023-04-04,21,26
89,90,2023-04-04,24,30
90,91,2023-04-05,1,8
91,92,2023-04-05,2,12
92,93,2023-04-05,3,23
93,94,2023-04-05,4,9
94,95,2023-04-05,5,22
95,96,2023-04-05,6,20
96,97,2023-04-05,7,29
97,98,2023-04-05,10,15
98,99,2023-04-05,11,27
99,100,2023-04-05,13,26
100,101,2023-04-05,14,18
101,102,2023-04-05,16,25
102,103,2023-04-05,17,30
103,104,2023-04-05,19,21
104,105,2023-04-05,24,28
105,106,2023-04-06,1,22
106,107,2023-04-06,2,12
107,108,2023-04-06,3,13
108,109,2023-04-06,4,27
109,110,2023-04-06,5,16
110,111,2023-04-06,6,17
111,112,2023-04-06,7,24
112,113,2023-04-06,8,10
113,114,2023-04-06,9,21
114,115,2023-04-06,11,26
115,116,2023-04-06,14,28
116,117,2023-04-06,15,20
117,118,2023-04-06,18,29
118,119,2023-04-06,19,25
119,120,2023-04-06,23,30
120,121,2023-04-07,1,5
121,122,2023-04-07,2,4
122,123,2023-04-07,3,15
123,124,2023-04-07,6,24
124,125,2023-04-07,7,9
125,126,2023-04-07,8,16
126,127,2023-04-07,10,30
127,128,2023-04-07,11,20
128,129,2023-04-07,12,25
129,130,2023-04-07,13,22
130,131,2023-04-07,14,27
131,132,2023-04-07,17,29
132,133,2023-04-07,18,21
133,134,2023-04-07,19,28
134,135,2023-04-07,23,26
135,136,2023-04-08,1,24
136,137,2023-04-08,2,14
137,138,2023-04-08,3,5
138,139,2023-04-08,4,17
139,140,2023-04-08,6,20
140,141,2023-04-08,7,27
141,142,2023-04-08,8,18
142,143,2023-04-08,9,22
143,144,2023-04-08,10,29
144,145,2023-04-08,11,26
145,146,2023-04-08,12,28
146,147,2023-04-08,13,25
147,148,2023-04-08,15,16
148,149,2023-04-08,19,23
149,150,2023-04-08,21,30
150,151,2023-04-09,1,20
151,152,2023-04-09,2,6
152,153,2023-04-09,3,4
153,154,2023-04-09,5,30
154,155,2023-04-09,7,27
155,156,2023-04-09,8,21
156,157,2023-04-09,9,17
157,158,2023-04-09,10,16
158,159,2023-04-09,11,25
159,160,2023-04-09,12,22
160,161,2023-04-09,13,23
161,162,2023-04-09,14,18
162,163,2023-04-09,15,29
163,164,2023-04-09,19,28
164,165,2023-04-09,24,26
165,166,2023-04-10,1,12
166,167,2023-04-10,2,8
167,168,2023-04-10,3,21
168,169,2023-04-10,4,9
169,170,2023-04-10,5,26
170,171,2023-04-10,6,22
171,172,2023-04-10,7,11
172,173,2023-04-10,10,29
173,174,2023-04-10,13,15
174,175,2023-04-10,14,19
175,176,2023-04-10,16,24
176,177,2023-04-10,17,27
177,178,2023-04-10,18,25
178,179,2023-04-10,20,28
179,180,2023-04-10,23,30
180,181,2023-04-11,1,14
181,182,2023-04-11,2,5
182,183,2023-04-11,3,15
183,184,2023-04-11,4,26
184,185,2023-04-11,6,10
185,186,2023-04-11,7,11
186,187,2023-04-11,8,25
187,188,2023-04-11,9,17
188,189,2023-04-11,12,20
189,190,2023-04-11,13,23
190,191,2023-04-11,16,18
191,192,2023-04-11,19,24
192,193,2023-04-11,21,27
193,194,2023-04-11,22,28
194,195,2023-04-11,29,30
195,196,2023-04-12,1,22
196,197,2023-04-12,2,12
197,198,2023-04-12,3,5
198,199,2023-04-12,4,23
199,200,2023-04-12,6,8
200,201,2023-04-12,7,24
201,202,2023-04-12,9,13
202,203,2023-04-12,10,21
203,204,2023-04-12,11,16
204,205,2023-04-12,14,25
205,206,2023-04-12,15,17
206,207,2023-04-12,18,28
207,208,2023-04-12,19,26
208,209,2023-04-12,20,30
209,210,2023-04-12,27,29
210,211,2023-04-13,1,28
211,212,2023-04-13,2,26
212,213,2023-04-13,3,19
213,214,2023-04-13,4,18
214,215,2023-04-13,5,16
215,216,2023-04-13,6,9
216,217,2023-04-13,7,14
217,218,2023-04-13,8,27
218,219,2023-04-13,10,12
219,220,2023-04-13,11,24
220,221,2023-04-13,13,20
221,222,2023-04-13,15,23
222,223,2023-04-13,17,29
223,224,2023-04-13,21,30
224,225,2023-04-13,22,25
225,226,2023-04-14,1,27
226,227,2023-04-14,2,6
227,228,2023-04-14,3,19
228,229,2023-04-14,4,16
229,230,2023-04-14,5,9
230,231,2023-04-14,7,12
231,232,2023-04-14,8,24
232,233,2023-04-14,10,25
233,234,2023-04-14,11,23
234,235,2023-04-14,13,15
235,236,2023-04-14,14,18
236,237,2023-04-14,17,26
237,238,2023-04-14,20,28
238,239,2023-04-14,21,30
239,240,2023-04-14,22,29
240,241,2023-04-15,1,29
241,242,2023-04-15,2,9
242,243,2023-04-15,3,7
243,244,2023-04-15,4,20
244,245,2023-04-15,5,18
245,246,2023-04-15,6,28
246,247,2023-04-15,8,14
247,248,2023-04-15,10,27
248,249,2023-04-15,11,13
249,250,2023-04-15,12,17
250,251,2023-04-15,15,23
251,252,2023-04-15,16,24
252,253,2023-04-15,19,26
253,254,2023-04-15,21,22
254,255,2023-04-15,25,30
255,256,2023-04-16,1,14
256,257,2023-04-16,2,9
257,258,2023-04-16,3,27
258,259,2023-04-16,4,30
259,260,2023-04-16,5,23
260,261,2023-04-16,6,25
261,262,2023-04-16,7,24
262,263,2023-04-16,8,22
263,264,2023-04-16,10,29
264,265,2023-04-16,11,19
265,266,2023-04-16,12,28
266,267,2023-04-16,13,26
267,268,2023-04-16,15,20
268,269,2023-04-16,16,17
269,270,2023-04-16,18,21
270,271,2023-04-17,1,26
271,272,2023-04-17,2,21
272,273,2023-04-17,3,14
273,274,2023-04-17,4,11
274,275,2023-04-17,5,6
275,276,2023-04-17,7,22
276,277,2023-04-17,8,16
277,278,2023-04-17,9,25
278,279,2023-04-17,10,19
279,280,2023-04-17,12,24
280,281,2023-04-17,13,30
281,282,2023-04-17,15,28
282,283,2023-04-17,17,27
283,284,2023-04-17,18,23
284,285,2023-04-17,20,29
285,286,2023-04-18,1,13
286,287,2023-04-18,2,28
287,288,2023-04-18,3,23
288,289,2023-04-18,4,9
289,290,2023-04-18,5,24
290,291,2023-04-18,6,21
291,292,2023-04-18,7,20
292,293,2023-04-18,8,11
293,294,2023-04-18,10,29
294,295,2023-04-18,12,25
295,296,2023-04-18,14,18
296,297,2023-04-18,15,27
297,298,2023-04-18,16,22
298,299,2023-04-18,17,26
299,300,2023-04-18,19,30
300,301,2023-04-19,1,20
301,302,2023-04-19,2,4
302,303,2023-04-19,3,13
303,304,2023-04-19,5,8
304,305,2023-04-19,6,17
305,306,2023-04-19,7,24
306,307,2023-04-19,9,19
307,308,2023-04-19,10,27
308,309,2023-04-19,11,16
309,310,2023-04-19,12,25
310,311,2023-04-19,14,18
311,312,2023-04-19,15,28
312,313,2023-04-19,21,23
313,314,2023-04-19,22,29
314,315,2023-04-19,26,30
315,316,2023-04-20,1,14
316,317,2023-04-20,2,19
317,318,2023-04-20,3,7
318,319,2023-04-20,4,13
319,320,2023-04-20,5,12
320,321,2023-04-20,6,11
321,322,2023-04-20,8,23
322,323,2023-04-20,9,24
323,324,2023-04-20,10,17
324,325,2023-04-20,15,16
325,326,2023-04-20,18,27
326,327,2023-04-20,20,28
327,328,2023-04-20,21,25
328,329,2023-04-20,22,30
329,330,2023-04-20,26,29
330,331,2023-04-21,1,12
331,332,2023-04-21,2,19
332,333,2023-04-21,3,8
333,334,2023-04-21,4,22
334,335,2023-04-21,5,20
335,336,2023-04-21,6,18
336,337,2023-04-21,7,13
337,338,2023-04-21,9,15
338,339,2023-04-21,10,30
339,340,2023-04-21,11,17
340,341,2023-04-21,14,24
341,342,2023-04-21,16,23
342,343,2023-04-21,21,29
343,344,2023-04-21,25,28
344,345,2023-04-21,26,27
345,346,2023-04-22,1,5
346,347,2023-04-22,2,9
347,348,2023-04-22,3,30
348,349,2023-04-22,4,13
349,350,2023-04-22,6,27
350,351,2023-04-22,7,15
351,352,2023-04-22,8,23
352,353,2023-04-22,10,25
353,354,2023-04-22,11,19
354,355,2023-04-22,12,21
355,356,2023-04-22,14,17
356,357,2023-04-22,16,29
357,358,2023-04-22,18,24
358,359,2023-04-22,20,28
359,360,2023-04-22,22,26
360,361,2023-04-23,1,5
361,362,2023-04-23,2,11
362,363,2023-04-23,3,17
363,364,2023-04-23,4,6
364,365,2023-04-23,7,14
365,366,2023-04-23,8,29
366,367,2023-04-23,9,21
367,368,2023-04-23,10,25
368,369,2023-04-23,12,19
369,370,2023-04-23,13,22
370,371,2023-04-23,15,24
371,372,2023-04-23,16,27
372,373,2023-04-23,18,23
373,374,2023-04-23,20,28
374,375,2023-04-23,26,30
375,376,2023-04-24,1,4
376,377,2023-04-24,2,12
377,378,2023-04-24,3,5
378,379,2023-04-24,6,17
379,380,2023-04-24,7,18
380,381,2023-04-24,8,28
381,382,2023-04-24,9,15
382,383,2023-04-24,10,29
383,384,2023-04-24,11,22
384,385,2023-04-24,13,19
385,386,2023-04-24,14,30
386,387,2023-04-24,16,27
387,388,2023-04-24,20,23
388,389,2023-04-24,21,26
389,390,2023-04-24,24,25
390,391,2023-04-25,1,19
391,392,2023-04-25,2,29
392,393,2023-04-25,3,28
393,394,2023-04-25,4,10
394,395,2023-04-25,5,25
395,396,2023-04-25,6,30
396,397,2023-04-25,7,17
397,398,2023-04-25,8,14
398,399,2023-04-25,9,11
399,400,2023-04-25,12,22
400,401,2023-04-25,13,23
401,402,2023-04-25,15,26
402,403,2023-04-25,16,27
403,404,2023-04-25,18,20
404,405,2023-04-25,21,24
405,406,2023-04-26,1,16
406,407,2023-04-26,2,25
407,408,2023-04-26,3,15
408,409,2023-04-26,4,18
409,410,2023-04-26,5,12
410,411,2023-04-26,6,28
411,412,2023-04-26,7,20
412,413,2023-04-26,8,23
413,414,2023-04-26,9,29
414,415,2023-04-26,10,21
415,416,2023-04-26,11,19
416,417,2023-04-26,13,14
417,418,2023-04-26,17,30
418,419,2023-04-26,22,24
419,420,2023-04-26,26,27
420,421,2023-04-27,1,11
421,422,2023-04-27,2,3
422,423,2023-04-27,4,8
423,424,2023-04-27,5,26
424,425,2023-04-27,6,12
425,426,2023-04-27,7,17
426,427,2023-04-27,9,24
427,428,2023-04-27,10,18
428,429,2023-04-27,13,21
429,430,2023-04-27,14,19
430,431,2023-04-27,15,16
431,432,2023-04-27,20,29
432,433,2023-04-27,22,23
433,434,2023-04-27,25,27
434,435,2023-04-27,28,30
435,436,2023-04-28,1,15
436,437,2023-04-28,2,22
437,438,2023-04-28,3,8
438,439,2023-04-28,4,29
439,440,2023-04-28,5,25
440,441,2023-04-28,6,28
441,442,2023-04-28,7,11
442,443,2023-04-28,9,18
443,444,2023-04-28,10,23
444,445,2023-04-28,12,30
445,446,2023-04-28,13,17
446,447,2023-04-28,14,16
447,448,2023-04-28,19,27
448,449,2023-04-28,20,26
449,450,2023-04-28,21,24
450,451,2023-04-29,1,21
451,452,2023-04-29,2,18
452,453,2023-04-29,3,10
453,454,2023-04-29,4,30
454,455,2023-04-29,5,9
455,456,2023-04-29,6,24
456,457,2023-04-29,7,14
457,458,2023-04-29,8,20
458,459,2023-04-29,11,16
459,460,2023-04-29,12,15
460,461,2023-04-29,13,28
461,462,2023-04-29,17,19
462,463,2023-04-29,22,29
463,464,2023-04-29,23,27
464,465,2023-04-29,25,26
465,466,2023-04-30,1,6
466,467,2023-04-30,2,13
467,468,2023-04-30,3,14
468,469,2023-04-30,4,18
469,470,2023-04-30,5,16
470,471,2023-04-30,7,20
471,472,2023-04-30,8,15
472,473,2023-04-30,9,24
473,474,2023-04-30,10,17
474,475,2023-04-30,11,26
475,476,2023-04-30,12,19
476,477,2023-04-30,21,28
477,478,2023-04-30,22,29
478,479,2023-04-30,23,30
479,480,2023-04-30,25,27
480,481,2023-05-01,1,7
481,482,2023-05-01,2,5
482,483,2023-05-01,3,30
483,484,2023-05-01,4,23
484,485,2023-05-01,6,13
485,486,2023-05-01,8,10
486,487,2023-05-01,9,15
487,488,2023-05-01,11,14
488,489,2023-05-01,12,20
489,490,2023-05-01,16,22
490,491,2023-05-01,17,18
491,492,2023-05-01,19,26
492,493,2023-05-01,21,24
493,494,2023-05-01,25,27
494,495,2023-05-01,28,29
495,496,2023-05-02,1,24
496,497,2023-05-02,2,22
497,498,2023-05-02,3,20
498,499,2023-05-02,4,26
499,500,2023-05-02,5,8
500,501,2023-05-02,6,7
501,502,2023-05-02,9,23
502,503,2023-05-02,10,12
503,504,2023-05-02,11,30
504,505,2023-05-02,13,17
505,506,2023-05-02,14,27
506,507,2023-05-02,15,29
507,508,2023-05-02,16,19
508,509,2023-05-02,18,25
509,510,2023-05-02,21,28
510,511,2023-05-03,1,12
511,512,2023-05-03,2,10
512,513,2023-05-03,3,17
513,514,2023-05-03,4,20
514,515,2023-05-03,5,6
515,516,2023-05-03,7,18
516,517,2023-05-03,8,22
517,518,2023-05-03,9,11
518,519,2023-05-03,13,27
519,520,2023-05-03,14,24
520,521,2023-05-03,15,30
521,522,2023-05-03,16,28
522,523,2023-05-03,19,25
523,524,2023-05-03,21,29
524,525,2023-05-03,23,26
525,526,2023-05-04,1,16
526,527,2023-05-04,2,24
527,528,2023-05-04,3,11
528,529,2023-05-04,4,20
529,530,2023-05-04,5,12
530,531,2023-05-04,6,15
531,532,2023-05-04,7,14
532,533,2023-05-04,8,17
533,534,2023-05-04,9,21
534,535,2023-05-04,10,27
535,536,2023-05-04,13,29
536,537,2023-05-04,18,22
537,538,2023-05-04,19,26
538,539,2023-05-04,23,25
539,540,2023-05-04,28,30
540,541,2023-05-05,1,23
541,542,2023-05-05,2,24
542,543,2023-05-05,3,25
543,544,2023-05-05,4,13
544,545,2023-05-05,5,29
545,546,2023-05-05,6,27
546,547,2023-05-05,7,17
547,548,2023-05-05,8,20
548,549,2023-05-05,9,10
549,550,2023-05-05,11,15
550,551,2023-05-05,12,21
551,552,2023-05-05,14,18
552,553,2023-05-05,16,19
553,554,2023-05-05,22,28
554,555,2023-05-05,26,30
555,556,2023-05-06,1,25
556,557,2023-05-06,2,27
557,558,2023-05-06,3,10
558,559,2023-05-06,4,29
559,560,2023-05-06,5,7
560,561,2023-05-06,6,16
561,562,2023-05-06,8,12
562,563,2023-05-06,9,13
563,564,2023-05-06,11,26
564,565,2023-05-06,14,24
565,566,2023-05-06,15,20
566,567,2023-05-06,17,22
567,568,2023-05-06,18,21
568,569,2023-05-06,19,23
569,570,2023-05-06,28,30
570,571,2023-05-07,1,19
571,572,2023-05-07,2,7
572,573,2023-05-07,3,16
573,574,2023-05-07,4,29
574,575,2023-05-07,5,20
575,576,2023-05-07,6,10
576,577,2023-05-07,8,12
577,578,2023-05-07,9,28
578,579,2023-05-07,11,22
579,580,2023-05-07,13,17
580,581,2023-05-07,14,26
581,582,2023-05-07,15,30
582,583,2023-05-07,18,23
583,584,2023-05-07,21,25
584,585,2023-05-07,24,27
585,586,2023-05-08,1,14
586,587,2023-05-08,2,12
587,588,2023-05-08,3,23
588,589,2023-05-08,4,26
589,590,2023-05-08,5,8
590,591,2023-05-08,6,27
591,592,2023-05-08,7,9
592,593,2023-05-08,10,11
593,594,2023-05-08,13,22
594,595,2023-05-08,15,16
595,596,2023-05-08,17,28
596,597,2023-05-08,18,19
597,598,2023-05-08,20,29
598,599,2023-05-08,21,24
599,600,2023-05-08,25,30
600,601,2023-05-09,1,4
601,602,2023-05-09,2,10
602,603,2023-05-09,3,11
603,604,2023-05-09,5,23
604,605,2023-05-09,6,16
605,606,2023-05-09,7,21
606,607,2023-05-09,8,24
607,608,2023-05-09,9,14
608,609,2023-05-09,12,17
609,610,2023-05-09,13,19
610,611,2023-05-09,15,27
611,612,2023-05-09,18,20
612,613,2023-05-09,22,26
613,614,2023-05-09,25,28
614,615,2023-05-09,29,30
615,616,2023-05-10,1,24
616,617,2023-05-10,2,25
617,618,2023-05-10,3,11
618,619,2023-05-10,4,29
619,620,2023-05-10,5,21
620,621,2023-05-10,6,19
621,622,2023-05-10,7,22
622,623,2023-05-10,8,26
623,624,2023-05-10,9,12
624,625,2023-05-10,10,17
625,626,2023-05-10,13,16
626,627,2023-05-10,14,30
627,628,2023-05-10,15,18
628,629,2023-05-10,20,23
629,630,2023-05-10,27,28
630,631,2023-05-11,1,23
631,632,2023-05-11,2,4
632,633,2023-05-11,3,8
633,634,2023-05-11,5,16
634,635,2023-05-11,6,19
635,636,2023-05-11,7,14
636,637,2023-05-11,9,13
637,638,2023-05-11,10,18
638,639,2023-05-11,11,26
639,640,2023-05-11,12,28
640,641,2023-05-11,15,30
641,642,2023-05-11,17,29
642,643,2023-05-11,20,27
643,644,2023-05-11,21,24
644,645,2023-05-11,22,25
645,646,2023-05-12,1,4
646,647,2023-05-12,2,6
647,648,2023-05-12,3,26
648,649,2023-05-12,5,14
649,650,2023-05-12,7,8
650,651,2023-05-12,9,12
651,652,2023-05-12,10,22
652,653,2023-05-12,11,28
653,654,2023-05-12,13,27
654,655,2023-05-12,15,25
655,656,2023-05-12,16,19
656,657,2023-05-12,17,20
657,658,2023-05-12,18,24
658,659,2023-05-12,21,30
659,660,2023-05-12,23,29
660,661,2023-05-13,1,11
661,662,2023-05-13,2,19
662,663,2023-05-13,3,25
663,664,2023-05-13,4,21
664,665,2023-05-13,5,18
665,666,2023-05-13,6,27
666,667,2023-05-13,7,28
667,668,2023-05-13,8,9
668,669,2023-05-13,10,15
669,670,2023-05-13,12,16
670,671,2023-05-13,13,29
671,672,2023-05-13,14,26
672,673,2023-05-13,17,20
673,674,2023-05-13,22,24
674,675,2023-05-13,23,30
675,676,2023-05-14,1,19
676,677,2023-05-14,2,4
677,678,2023-05-14,3,14
678,679,2023-05-14,5,11
679,680,2023-05-14,6,8
680,681,2023-05-14,7,16
681,682,2023-05-14,9,26
682,683,2023-05-14,10,27
683,684,2023-05-14,12,18
684,685,2023-05-14,13,15
685,686,2023-05-14,17,20
686,687,2023-05-14,21,23
687,688,2023-05-14,22,29
688,689,2023-05-14,24,28
689,690,2023-05-14,25,30
690,691,2023-05-15,1,16
691,692,2023-05-15,2,3
692,693,2023-05-15,4,10
693,694,2023-05-15,5,18
694,695,2023-05-15,6,7
695,696,2023-05-15,8,15
696,697,2023-05-15,9,23
697,698,2023-05-15,11,12
698,699,2023-05-15,13,22
699,700,2023-05-15,14,24
700,701,2023-05-15,17,30
701,702,2023-05-15,19,25
702,703,2023-05-15,20,28
703,704,2023-05-15,21,27
704,705,2023-05-15,26,29
705,706,2023-05-16,1,7
706,707,2023-05-16,2,15
707,708,2023-05-16,3,9
708,709,2023-05-16,4,26
709,710,2023-05-16,5,28
710,711,2023-05-16,6,23
711,712,2023-05-16,8,25
712,713,2023-05-16,10,20
713,714,2023-05-16,11,24
714,715,2023-05-16,12,22
715,716,2023-05-16,13,19
716,717,2023-05-16,14,18
717,718,2023-05-16,16,29
718,719,2023-05-16,17,21
719,720,2023-05-16,27,30
720,721,2023-05-17,1,16
721,722,2023-05-17,2,20
722,723,2023-05-17,3,23
723,724,2023-05-17,4,14
724,725,2023-05-17,5,11
725,726,2023-05-17,6,21
726,727,2023-05-17,7,18
727,728,2023-05-17,8,24
728,729,2023-05-17,9,27
729,730,2023-05-17,10,25
730,731,2023-05-17,12,17
731,732,2023-05-17,13,29
732,733,2023-05-17,15,26
733,734,2023-05-17,19,28
734,735,2023-05-17,22,30
735,736,2023-05-18,1,22
736,737,2023-05-18,2,25
737,738,2023-05-18,3,4
738,739,2023-05-18,5,17
739,740,2023-05-18,6,24
740,741,2023-05-18,7,29
741,742,2023-05-18,8,12
742,743,2023-05-18,9,19
743,744,2023-05-18,10,28
744,745,2023-05-18,11,26
745,746,2023-05-18,13,23
746,747,2023-05-18,14,27
747,748,2023-05-18,15,16
748,749,2023-05-18,18,30
749,750,2023-05-18,20,21
750,751,2023-05-19,1,14
751,752,2023-05-19,2,11
752,753,2023-05-19,3,21
753,754,2023-05-19,4,26
754,755,2023-05-19,5,30
755,756,2023-05-19,6,29
756,757,2023-05-19,7,25
757,758,2023-05-19,8,9
758,759,2023-05-19,10,13
759,760,2023-05-19,12,20
760,761,2023-05-19,15,27
761,762,2023-05-19,16,24
762,763,2023-05-19,17,23
763,764,2023-05-19,18,19
764,765,2023-05-19,22,28
765,766,2023-05-20,1,2
766,767,2023-05-20,3,12
767,768,2023-05-20,4,23
768,769,2023-05-20,5,21
769,770,2023-05-20,6,8
770,771,2023-05-20,7,11
771,772,2023-05-20,9,20
772,773,2023-05-20,10,28
773,774,2023-05-20,13,14
774,775,2023-05-20,15,19
775,776,2023-05-20,16,27
776,777,2023-05-20,17,30
777,778,2023-05-20,18,22
778,779,2023-05-20,24,26
779,780,2023-05-20,25,29
780,781,2023-05-21,1,30
781,782,2023-05-21,2,23
782,783,2023-05-21,3,20
783,784,2023-05-21,4,8
784,785,2023-05-21,5,21
785,786,2023-05-21,6,19
786,787,2023-05-21,7,10
787,788,2023-05-21,9,12
788,789,2023-05-21,11,24
789,790,2023-05-21,13,26
790,791,2023-05-21,14,17
791,792,2023-05-21,15,22
792,793,2023-05-21,16,27
793,794,2023-05-21,18,29
794,795,2023-05-21,25,28
795,796,2023-05-22,1,8
796,797,2023-05-22,2,24
797,798,2023-05-22,3,11
798,799,2023-05-22,4,30
799,800,2023-05-22,5,22
800,801,2023-05-22,6,18
801,802,2023-05-22,7,14
802,803,2023-05-22,9,25
803,804,2023-05-22,10,16
804,805,2023-05-22,12,20
805,806,2023-05-22,13,23
806,807,2023-05-22,15,29
807,808,2023-05-22,17,21
808,809,2023-05-22,19,26
809,810,2023-05-22,27,28
810,811,2023-05-23,1,11
811,812,2023-05-23,2,26
812,813,2023-05-23,3,12
813,814,2023-05-23,4,6
814,815,2023-05-23,5,7
815,816,2023-05-23,8,28
816,817,2023-05-23,9,22
817,818,2023-05-23,10,20
818,819,2023-05-23,13,30
819,820,2023-05-23,14,29
820,821,2023-05-23,15,24
821,822,2023-05-23,16,25
822,823,2023-05-23,17,18
823,824,2023-05-23,19,27
824,825,2023-05-23,21,23
825,826,2023-05-24,1,5
826,827,2023-05-24,2,12
827,828,2023-05-24,3,15
828,829,2023-05-24,4,20
829,830,2023-05-24,6,18
830,831,2023-05-24,7,19
831,832,2023-05-24,8,16
832,833,2023-05-24,9,25
833,834,2023-05-24,10,29
834,835,2023-05-24,11,22
835,836,2023-05-24,13,21
836,837,2023-05-24,14,28
837,838,2023-05-24,17,23
838,839,2023-05-24,24,27
839,840,2023-05-24,26,30
840,841,2023-05-25,1,26
841,842,2023-05-25,2,15
842,843,2023-05-25,3,30
843,844,2023-05-25,4,5
844,845,2023-05-25,6,27
845,846,2023-05-25,7,17
846,847,2023-05-25,8,28
847,848,2023-05-25,9,22
848,849,2023-05-25,10,20
849,850,2023-05-25,11,16
850,851,2023-05-25,12,24
851,852,2023-05-25,13,25
852,853,2023-05-25,14,21
853,854,2023-05-25,18,19
854,855,2023-05-25,23,29
855,856,2023-05-26,1,30
856,857,2023-05-26,2,8
857,858,2023-05-26,3,20
858,859,2023-05-26,4,13
859,860,2023-05-26,5,15
860,861,2023-05-26,6,11
861,862,2023-05-26,7,16
862,863,2023-05-26,9,23
863,864,2023-05-26,10,22
864,865,2023-05-26,12,24
865,866,2023-05-26,14,28
866,867,2023-05-26,17,21
867,868,2023-05-26,18,25
868,869,2023-05-26,19,26
869,870,2023-05-26,27,29
870,871,2023-05-27,1,23
871,872,2023-05-27,2,28
872,873,2023-05-27,3,7
873,874,2023-05-27,4,16
874,875,2023-05-27,5,18
875,876,2023-05-27,6,9
876,877,2023-05-27,8,10
877,878,2023-05-27,11,17
878,879,2023-05-27,12,25
879,880,2023-05-27,13,29
880,881,2023-05-27,14,22
881,882,2023-05-27,15,24
882,883,2023-05-27,19,20
883,884,2023-05-27,21,27
884,885,2023-05-27,26,30
885,886,2023-05-28,1,10
886,887,2023-05-28,2,9
887,888,2023-05-28,3,22
888,889,2023-05-28,4,23
889,890,2023-05-28,5,8
890,891,2023-05-28,6,11
891,892,2023-05-28,7,15
892,893,2023-05-28,12,29
893,894,2023-05-28,13,28
894,895,2023-05-28,14,26
895,896,2023-05-28,16,17
896,897,2023-05-28,18,24
897,898,2023-05-28,19,30
898,899,2023-05-28,20,21
899,900,2023-05-28,25,27
900,901,2023-05-29,1,8
901,902,2023-05-29,2,22
902,903,2023-05-29,3,16
903,904,2023-05-29,4,13
904,905,2023-05-29,5,23
905,906,2023-05-29,6,20
906,907,2023-05-29,7,26
907,908,2023-05-29,9,11
908,909,2023-05-29,10,19
909,910,2023-05-29,12,14
910,911,2023-05-29,15,27
911,912,2023-05-29,17,24
912,913,2023-05-29,18,30
913,914,2023-05-29,21,29
914,915,2023-05-29,25,28
915,916,2023-05-30,1,8
916,917,2023-05-30,2,17
917,918,2023-05-30,3,12
918,919,2023-05-30,4,23
919,920,2023-05-30,5,9
920,921,2023-05-30,6,13
921,922,2023-05-30,7,27
922,923,2023-05-30,10,20
923,924,2023-05-30,11,24
924,925,2023-05-30,14,30
925,926,2023-05-30,15,26
926,927,2023-05-30,16,29
927,928,2023-05-30,18,28
928,929,2023-05-30,19,25
929,930,2023-05-30,21,22
930,931,2023-05-31,1,20
931,932,2023-05-31,2,21
932,933,2023-05-31,3,17
933,934,2023-05-31,4,5
934,935,2023-05-31,6,26
935,936,2023-05-31,7,10
936,937,2023-05-31,8,16
937,938,2023-05-31,9,13
938,939,2023-05-31,11,30
939,940,2023-05-31,12,14
940,941,2023-05-31,15,22
941,942,2023-05-31,18,23
942,943,2023-05-31,19,29
943,944,2023-05-31,24,27
944,945,2023-05-31,25,28
945,946,2023-06-01,1,10
946,947,2023-06-01,2,28
947,948,2023-06-01,3,25
948,949,2023-06-01,4,6
949,950,2023-06-01,5,8
950,951,2023-06-01,7,24
951,952,2023-06-01,9,12
952,953,2023-06-01,11,19
953,954,2023-06-01,13,15
954,955,2023-06-01,14,26
955,956,2023-06-01,16,21
956,957,2023-06-01,17,22
957,958,2023-06-01,18,20
958,959,2023-06-01,23,30
959,960,2023-06-01,27,29
960,961,2023-06-02,1,2
961,962,2023-06-02,3,12
962,963,2023-06-02,4,20
963,964,2023-06-02,5,30
964,965,2023-06-02,6,28
965,966,2023-06-02,7,24
966,967,2023-06-02,8,14
967,968,2023-06-02,9,18
968,969,2023-06-02,10,22
969,970,2023-06-02,11,27
970,971,2023-06-02,13,19
971,972,2023-06-02,15,23
972,973,2023-06-02,16,21
973,974,2023-06-02,17,29
974,975,2023-06-02,25,26
975,976,2023-06-03,1,3
976,977,2023-06-03,2,6
977,978,2023-06-03,4,28
978,979,2023-06-03,5,25
979,980,2023-06-03,7,12
980,981,2023-06-03,8,17
981,982,2023-06-03,9,11
982,983,2023-06-03,10,23
983,984,2023-06-03,13,22
984,985,2023-06-03,14,24
985,986,2023-06-03,15,16
986,987,2023-06-03,18,26
987,988,2023-06-03,19,20
988,989,2023-06-03,21,30
989,990,2023-06-03,27,29
990,991,2023-06-04,1,25
991,992,2023-06-04,2,17
992,993,2023-06-04,3,24
993,994,2023-06-04,4,8
994,995,2023-06-04,5,13
995,996,2023-06-04,6,16
996,997,2023-06-04,7,29
997,998,2023-06-04,9,22
998,999,2023-06-04,10,19
999,1000,2023-06-04,11,30
1000,1001,2023-06-04,12,15
1001,1002,2023-06-04,14,21
1002,1003,2023-06-04,18,26
1003,1004,2023-06-04,20,23
1004,1005,2023-06-04,27,28
1005,1006,2023-06-05,1,28
1006,1007,2023-06-05,2,26
1007,1008,2023-06-05,3,20
1008,1009,2023-06-05,4,24
1009,1010,2023-06-05,5,19
1010,1011,2023-06-05,6,21
1011,1012,2023-06-05,7,14
1012,1013,2023-06-05,8,13
1013,1014,2023-06-05,9,10
1014,1015,2023-06-05,11,15
1015,1016,2023-06-05,12,23
1016,1017,2023-06-05,16,25
1017,1018,2023-06-05,17,22
1018,1019,2023-06-05,18,29
1019,1020,2023-06-05,27,30
1020,1021,2023-06-06,1,8
1021,1022,2023-06-06,2,18
1022,1023,2023-06-06,3,19
1023,1024,2023-06-06,4,16
1024,1025,2023-06-06,5,13
1025,1026,2023-06-06,6,7
1026,1027,2023-06-06,9,27
1027,1028,2023-06-06,10,29
1028,1029,2023-06-06,11,20
1029,1030,2023-06-06,12,28
1030,1031,2023-06-06,14,17
1031,1032,2023-06-06,15,24
1032,1033,2023-06-06,21,26
1033,1034,2023-06-06,22,30
1034,1035,2023-06-06,23,25
1035,1036,2023-06-07,1,23
1036,1037,2023-06-07,2,15
1037,1038,2023-06-07,3,27
1038,1039,2023-06-07,4,22
1039,1040,2023-06-07,5,19
1040,1041,2023-06-07,6,9
1041,1042,2023-06-07,7,17
1042,1043,2023-06-07,8,14
1043,1044,2023-06-07,10,16
1044,1045,2023-06-07,11,29
1045,1046,2023-06-07,12,28
1046,1047,2023-06-07,13,24
1047,1048,2023-06-07,18,21
1048,1049,2023-06-07,20,30
1049,1050,2023-06-07,25,26
1050,1051,2023-06-08,1,9
1051,1052,2023-06-08,2,23
1052,1053,2023-06-08,3,30
1053,1054,2023-06-08,4,7
1054,1055,2023-06-08,5,26
1055,1056,2023-06-08,6,29
1056,1057,2023-06-08,8,20
1057,1058,2023-06-08,10,21
1058,1059,2023-06-08,11,27
1059,1060,2023-06-08,12,19
1060,1061,2023-06-08,13,14
1061,1062,2023-06-08,15,28
1062,1063,2023-06-08,16,24
1063,1064,2023-06-08,17,22
1064,1065,2023-06-08,18,25
1065,1066,2023-06-09,1,10
1066,1067,2023-06-09,2,5
1067,1068,2023-06-09,3,25
1068,1069,2023-06-09,4,19
1069,1070,2023-06-09,6,15
1070,1071,2023-06-09,7,23
1071,1072,2023-06-09,8,21
1072,1073,2023-06-09,9,14
1073,1074,2023-06-09,11,29
1074,1075,2023-06-09,12,24
1075,1076,2023-06-09,13,16
1076,1077,2023-06-09,17,26
1077,1078,2023-06-09,18,30
1078,1079,2023-06-09,20,22
1079,1080,2023-06-09,27,28
1080,1081,2023-06-10,1,28
1081,1082,2023-06-10,2,23
1082,1083,2023-06-10,3,16
1083,1084,2023-06-10,4,7
1084,1085,2023-06-10,5,27
1085,1086,2023-06-10,6,19
1086,1087,2023-06-10,8,22
1087,1088,2023-06-10,9,21
1088,1089,2023-06-10,10,20
1089,1090,2023-06-10,11,17
1090,1091,2023-06-10,12,24
1091,1092,2023-06-10,13,29
1092,1093,2023-06-10,14,30
1093,1094,2023-06-10,15,25
1094,1095,2023-06-10,18,26
1095,1096,2023-06-11,1,2
1096,1097,2023-06-11,3,8
1097,1098,2023-06-11,4,30
1098,1099,2023-06-11,5,25
1099,1100,2023-06-11,6,18
1100,1101,2023-06-11,7,27
1101,1102,2023-06-11,9,10
1102,1103,2023-06-11,11,16
1103,1104,2023-06-11,12,29
1104,1105,2023-06-11,13,26
1105,1106,2023-06-11,14,22
1106,1107,2023-06-11,15,23
1107,1108,2023-06-11,17,24
1108,1109,2023-06-11,19,21
1109,1110,2023-06-11,20,28
1110,1111,2023-06-12,1,22
1111,1112,2023-06-12,2,29
1112,1113,2023-06-12,3,19
1113,1114,2023-06-12,4,28
1114,1115,2023-06-12,5,23
1115,1116,2023-06-12,6,16
1116,1117,2023-06-12,7,25
1117,1118,2023-06-12,8,21
1118,1119,2023-06-12,9,12
1119,1120,2023-06-12,10,13
1120,1121,2023-06-12,11,14
1121,1122,2023-06-12,15,24
1122,1123,2023-06-12,17,27
1123,1124,2023-06-12,18,30
1124,1125,2023-06-12,20,26
1125,1126,2023-06-13,1,20
1126,1127,2023-06-13,2,3
1127,1128,2023-06-13,4,14
1128,1129,2023-06-13,5,18
1129,1130,2023-06-13,6,23
1130,1131,2023-06-13,7,9
1131,1132,2023-06-13,8,12
1132,1133,2023-06-13,10,11
1133,1134,2023-06-13,13,21
1134,1135,2023-06-13,15,28
1135,1136,2023-06-13,16,22
1136,1137,2023-06-13,17,29
1137,1138,2023-06-13,19,26
1138,1139,2023-06-13,24,25
1139,1140,2023-06-13,27,30
1140,1141,2023-06-14,1,24
1141,1142,2023-06-14,2,11
1142,1143,2023-06-14,3,8
1143,1144,2023-06-14,4,18
1144,1145,2023-06-14,5,28
1145,1146,2023-06-14,6,29
1146,1147,2023-06-14,7,30
1147,1148,2023-06-14,9,10
1148,1149,2023-06-14,12,22
1149,1150,2023-06-14,13,20
1150,1151,2023-06-14,14,25
1151,1152,2023-06-14,15,26
1152,1153,2023-06-14,16,23
1153,1154,2023-06-14,17,19
1154,1155,2023-06-14,21,27
1155,1156,2023-06-15,1,22
1156,1157,2023-06-15,2,30
1157,1158,2023-06-15,3,24
1158,1159,2023-06-15,4,12
1159,1160,2023-06-15,5,13
1160,1161,2023-06-15,6,14
1161,1162,2023-06-15,7,8
1162,1163,2023-06-15,9,11
1163,1164,2023-06-15,10,16
1164,1165,2023-06-15,15,29
1165,1166,2023-06-15,17,18
1166,1167,2023-06-15,19,27
1167,1168,2023-06-15,20,23
1168,1169,2023-06-15,21,26
1169,1170,2023-06-15,25,28
1170,1171,2023-06-16,1,17
1171,1172,2023-06-16,2,4
1172,1173,2023-06-16,3,28
1173,1174,2023-06-16,5,25
1174,1175,2023-06-16,6,7
1175,1176,2023-06-16,8,19
1176,1177,2023-06-16,9,22
1177,1178,2023-06-16,10,14
1178,1179,2023-06-16,11,26
1179,1180,2023-06-16,12,21
1180,1181,2023-06-16,13,24
1181,1182,2023-06-16,15,20
1182,1183,2023-06-16,16,23
1183,1184,2023-06-16,18,29
1184,1185,2023-06-16,27,30
1185,1186,2023-06-17,1,2
1186,1187,2023-06-17,3,18
1187,1188,2023-06-17,4,24
1188,1189,2023-06-17,5,15
1189,1190,2023-06-17,6,29
1190,1191,2023-06-17,7,27
1191,1192,2023-06-17,8,22
1192,1193,2023-06-17,9,13
1193,1194,2023-06-17,10,23
1194,1195,2023-06-17,11,17
1195,1196,2023-06-17,12,25
1196,1197,2023-06-17,14,19
1197,1198,2023-06-17,16,26
1198,1199,2023-06-17,20,28
1199,1200,2023-06-17,21,30
1200,1201,2023-06-18,1,7
1201,1202,2023-06-18,2,30
1202,1203,2023-06-18,3,10
1203,1204,2023-06-18,4,25
1204,1205,2023-06-18,5,13
1205,1206,2023-06-18,6,26
1206,1207,2023-06-18,8,22
1207,1208,2023-06-18,9,21
1208,1209,2023-06-18,11,28
1209,1210,2023-06-18,12,19
1210,1211,2023-06-18,14,18
1211,1212,2023-06-18,15,29
1212,1213,2023-06-18,16,23
1213,1214,2023-06-18,17,20
1214,1215,2023-06-18,24,27
1215,1216,2023-06-19,1,13
1216,1217,2023-06-19,2,4
1217,1218,2023-06-19,3,12
1218,1219,2023-06-19,5,23
1219,1220,2023-06-19,6,8
1220,1221,2023-06-19,7,11
1221,1222,2023-06-19,9,10
1222,1223,2023-06-19,14,16
1223,1224,2023-06-19,15,22
1224,1225,2023-06-19,17,18
1225,1226,2023-06-19,19,27
1226,1227,2023-06-19,20,30
1227,1228,2023-06-19,21,28
1228,1229,2023-06-19,24,29
1229,1230,2023-06-19,25,26
1230,1231,2023-06-20,1,4
1231,1232,2023-06-20,2,29
1232,1233,2023-06-20,3,8
1233,1234,2023-06-20,5,20
1234,1235,2023-06-20,6,7
1235,1236,2023-06-20,9,15
1236,1237,2023-06-20,10,21
1237,1238,2023-06-20,11,12
1238,1239,2023-06-20,13,27
1239,1240,2023-06-20,14,18
1240,1241,2023-06-20,16,25
1241,1242,2023-06-20,17,19
1242,1243,2023-06-20,22,28
1243,1244,2023-06-20,23,26
1244,1245,2023-06-20,24,30
1245,1246,2023-06-21,1,19
1246,1247,2023-06-21,2,3
1247,1248,2023-06-21,4,16
1248,1249,2023-06-21,5,13
1249,1250,2023-06-21,6,21
1250,1251,2023-06-21,7,8
1251,1252,2023-06-21,9,20
1252,1253,2023-06-21,10,30
1253,1254,2023-06-21,11,18
1254,1255,2023-06-21,12,23
1255,1256,2023-06-21,14,25
1256,1257,2023-06-21,15,17
1257,1258,2023-06-21,22,24
1258,1259,2023-06-21,26,28
1259,1260,2023-06-21,27,29
1260,1261,2023-06-22,1,15
1261,1262,2023-06-22,2,22
1262,1263,2023-06-22,3,9
1263,1264,2023-06-22,4,14
1264,1265,2023-06-22,5,12
1265,1266,2023-06-22,6,11
1266,1267,2023-06-22,7,18
1267,1268,2023-06-22,8,29
1268,1269,2023-06-22,10,16
1269,1270,2023-06-22,13,26
1270,1271,2023-06-22,17,30
1271,1272,2023-06-22,19,21
1272,1273,2023-06-22,20,25
1273,1274,2023-06-22,23,28
1274,1275,2023-06-22,24,27
1275,1276,2023-06-23,1,24
1276,1277,2023-06-23,2,26
1277,1278,2023-06-23,3,20
1278,1279,2023-06-23,4,12
1279,1280,2023-06-23,5,21
1280,1281,2023-06-23,6,22
1281,1282,2023-06-23,7,23
1282,1283,2023-06-23,8,18
1283,1284,2023-06-23,9,15
1284,1285,2023-06-23,10,27
1285,1286,2023-06-23,11,29
1286,1287,2023-06-23,13,25
1287,1288,2023-06-23,14,30
1288,1289,2023-06-23,16,28
1289,1290,2023-06-23,17,19
1290,1291,2023-06-24,1,11
1291,1292,2023-06-24,2,3
1292,1293,2023-06-24,4,15
1293,1294,2023-06-24,5,17
1294,1295,2023-06-24,6,22
1295,1296,2023-06-24,7,9
1296,1297,2023-06-24,8,12
1297,1298,2023-06-24,10,25
1298,1299,2023-06-24,13,24
1299,1300,2023-06-24,14,21
1300,1301,2023-06-24,16,30
1301,1302,2023-06-24,18,20
1302,1303,2023-06-24,19,27
1303,1304,2023-06-24,23,29
1304,1305,2023-06-24,26,28
1305,1306,2023-06-25,1,24
1306,1307,2023-06-25,2,14
1307,1308,2023-06-25,3,29
1308,1309,2023-06-25,4,20
1309,1310,2023-06-25,5,8
1310,1311,2023-06-25,6,22
1311,1312,2023-06-25,7,30
1312,1313,2023-06-25,9,19
1313,1314,2023-06-25,10,15
1314,1315,2023-06-25,11,27
1315,1316,2023-06-25,12,18
1316,1317,2023-06-25,13,16
1317,1318,2023-06-25,17,21
1318,1319,2023-06-25,23,25
1319,1320,2023-06-25,26,28
1320,1321,2023-06-26,1,19
1321,1322,2023-06-26,2,16
1322,1323,2023-06-26,3,22
1323,1324,2023-06-26,4,25
1324,1325,2023-06-26,5,15
1325,1326,2023-06-26,6,8
1326,1327,2023-06-26,7,21
1327,1328,2023-06-26,9,23
1328,1329,2023-06-26,10,18
1329,1330,2023-06-26,11,13
1330,1331,2023-06-26,12,30
1331,1332,2023-06-26,14,17
1332,1333,2023-06-26,20,24
1333,1334,2023-06-26,26,27
1334,1335,2023-06-26,28,29
1335,1336,2023-06-27,1,24
1336,1337,2023-06-27,2,23
1337,1338,2023-06-27,3,30
1338,1339,2023-06-27,4,8
1339,1340,2023-06-27,5,21
1340,1341,2023-06-27,6,28
1341,1342,2023-06-27,7,25
1342,1343,2023-06-27,9,19
1343,1344,2023-06-27,10,29
1344,1345,2023-06-27,11,22
1345,1346,2023-06-27,12,13
1346,1347,2023-06-27,14,20
1347,1348,2023-06-27,15,17
1348,1349,2023-06-27,16,18
1349,1350,2023-06-27,26,27
1350,1351,2023-06-28,1,25
1351,1352,2023-06-28,2,10
1352,1353,2023-06-28,3,27
1353,1354,2023-06-28,4,21
1354,1355,2023-06-28,5,13
1355,1356,2023-06-28,6,24
1356,1357,2023-06-28,7,20
1357,1358,2023-06-28,8,22
1358,1359,2023-06-28,9,28
1359,1360,2023-06-28,11,29
1360,1361,2023-06-28,12,14
1361,1362,2023-06-28,15,16
1362,1363,2023-06-28,17,19
1363,1364,2023-06-28,18,30
1364,1365,2023-06-28,23,26
1365,1366,2023-06-29,1,21
1366,1367,2023-06-29,2,5
1367,1368,2023-06-29,3,12
1368,1369,2023-06-29,4,16
1369,1370,2023-06-29,6,19
1370,1371,2023-06-29,7,14
1371,1372,2023-06-29,8,30
1372,1373,2023-06-29,9,11
1373,1374,2023-06-29,10,27
1374,1375,2023-06-29,13,18
1375,1376,2023-06-29,15,24
1376,1377,2023-06-29,17,22
1377,1378,2023-06-29,20,25
1378,1379,2023-06-29,23,26
1379,1380,2023-06-29,28,29
1380,1381,2023-06-30,1,13
1381,1382,2023-06-30,2,4
1382,1383,2023-06-30,3,29
1383,1384,2023-06-30,5,30
1384,1385,2023-06-30,6,11
1385,1386,2023-06-30,7,16
1386,1387,2023-06-30,8,9
1387,1388,2023-06-30,10,25
1388,1389,2023-06-30,12,17
1389,1390,2023-06-30,14,24
1390,1391,2023-06-30,15,23
1391,1392,2023-06-30,18,28
1392,1393,2023-06-30,19,22
1393,1394,2023-06-30,20,27
1394,1395,2023-06-30,21,26
1395,1396,2023-07-01,1,12
1396,1397,2023-07-01,2,24
1397,1398,2023-07-01,3,7
1398,1399,2023-07-01,4,27
1399,1400,2023-07-01,5,6
1400,1401,2023-07-01,8,10
1401,1402,2023-07-01,9,21
1402,1403,2023-07-01,11,19
1403,1404,2023-07-01,13,28
1404,1405,2023-07-01,14,20
1405,1406,2023-07-01,15,26
1406,1407,2023-07-01,16,29
1407,1408,2023-07-01,17,22
1408,1409,2023-07-01,18,25
1409,1410,2023-07-01,23,30
1410,1411,2023-07-02,1,22
1411,1412,2023-07-02,2,4
1412,1413,2023-07-02,3,12
1413,1414,2023-07-02,5,26
1414,1415,2023-07-02,6,16
1415,1416,2023-07-02,7,18
1416,1417,2023-07-02,8,17
1417,1418,2023-07-02,9,25
1418,1419,2023-07-02,10,13
1419,1420,2023-07-02,11,15
1420,1421,2023-07-02,14,24
1421,1422,2023-07-02,19,21
1422,1423,2023-07-02,20,27
1423,1424,2023-07-02,23,29
1424,1425,2023-07-02,28,30
1425,1426,2023-07-03,1,29
1426,1427,2023-07-03,2,24
1427,1428,2023-07-03,3,27
1428,1429,2023-07-03,4,8
1429,1430,2023-07-03,5,30
1430,1431,2023-07-03,6,20
1431,1432,2023-07-03,7,19
1432,1433,2023-07-03,9,17
1433,1434,2023-07-03,10,11
1434,1435,2023-07-03,12,13
1435,1436,2023-07-03,14,25
1436,1437,2023-07-03,15,22
1437,1438,2023-07-03,16,28
1438,1439,2023-07-03,18,23
1439,1440,2023-07-03,21,26
1440,1441,2023-07-04,1,18
1441,1442,2023-07-04,2,11
1442,1443,2023-07-04,3,5
1443,1444,2023-07-04,4,9
1444,1445,2023-07-04,6,7
1445,1446,2023-07-04,8,23
1446,1447,2023-07-04,10,25
1447,1448,2023-07-04,12,22
1448,1449,2023-07-04,13,20
1449,1450,2023-07-04,14,26
1450,1451,2023-07-04,15,19
1451,1452,2023-07-04,16,28
1452,1453,2023-07-04,17,30
1453,1454,2023-07-04,21,24
1454,1455,2023-07-04,27,29
1455,1456,2023-07-05,1,18
1456,1457,2023-07-05,2,3
1457,1458,2023-07-05,4,21
1458,1459,2023-07-05,5,29
1459,1460,2023-07-05,6,30
1460,1461,2023-07-05,7,28
1461,1462,2023-07-05,8,16
1462,1463,2023-07-05,9,19
1463,1464,2023-07-05,10,14
1464,1465,2023-07-05,11,24
1465,1466,2023-07-05,12,13
1466,1467,2023-07-05,15,17
1467,1468,2023-07-05,20,27
1468,1469,2023-07-05,22,23
1469,1470,2023-07-05,25,26
1470,1471,2023-07-06,1,8
1471,1472,2023-07-06,2,16
1472,1473,2023-07-06,3,20
1473,1474,2023-07-06,4,13
1474,1475,2023-07-06,5,23
1475,1476,2023-07-06,6,24
1476,1477,2023-07-06,7,15
1477,1478,2023-07-06,9,28
1478,1479,2023-07-06,10,19
1479,1480,2023-07-06,11,12
1480,1481,2023-07-06,14,26
1481,1482,2023-07-06,17,30
1482,1483,2023-07-06,18,21
1483,1484,2023-07-06,22,25
1484,1485,2023-07-06,27,29
1485,1486,2023-07-07,1,7
1486,1487,2023-07-07,2,23
1487,1488,2023-07-07,3,5
1488,1489,2023-07-07,4,6
1489,1490,2023-07-07,8,16
1490,1491,2023-07-07,9,24
1491,1492,2023-07-07,10,15
1492,1493,2023-07-07,11,13
1493,1494,2023-07-07,12,29
1494,1495,2023-07-07,14,17
1495,1496,2023-07-07,18,21
1496,1497,2023-07-07,19,30
1497,1498,2023-07-07,20,26
1498,1499,2023-07-07,22,28
1499,1500,2023-07-07,25,27
1500,1501,2023-07-08,1,20
1501,1502,2023-07-08,2,6
1502,1503,2023-07-08,3,12
1503,1504,2023-07-08,4,16
1504,1505,2023-07-08,5,13
1505,1506,2023-07-08,7,17
1506,1507,2023-07-08,8,28
1507,1508,2023-07-08,9,11
1508,1509,2023-07-08,10,23
1509,1510,2023-07-08,14,21
1510,1511,2023-07-08,15,19
1511,1512,2023-07-08,18,29
1512,1513,2023-07-08,22,30
1513,1514,2023-07-08,24,25
1514,1515,2023-07-08,26,27
1515,1516,2023-07-09,1,7
1516,1517,2023-07-09,2,30
1517,1518,2023-07-09,3,22
1518,1519,2023-07-09,4,18
1519,1520,2023-07-09,5,21
1520,1521,2023-07-09,6,12
1521,1522,2023-07-09,8,25
1522,1523,2023-07-09,9,23
1523,1524,2023-07-09,10,28
1524,1525,2023-07-09,11,26
1525,1526,2023-07-09,13,15
1526,1527,2023-07-09,14,20
1527,1528,2023-07-09,16,17
1528,1529,2023-07-09,19,27
1529,1530,2023-07-09,24,29
1530,1531,2023-07-10,1,3
1531,1532,2023-07-10,2,23
1532,1533,2023-07-10,4,5
1533,1534,2023-07-10,6,13
1534,1535,2023-07-10,7,19
1535,1536,2023-07-10,8,9
1536,1537,2023-07-10,10,27
1537,1538,2023-07-10,11,30
1538,1539,2023-07-10,12,29
1539,1540,2023-07-10,14,26
1540,1541,2023-07-10,15,24
1541,1542,2023-07-10,16,20
1542,1543,2023-07-10,17,28
1543,1544,2023-07-10,18,22
1544,1545,2023-07-10,21,25
1545,1546,2023-07-11,1,7
1546,1547,2023-07-11,2,16
1547,1548,2023-07-11,3,28
1548,1549,2023-07-11,4,18
1549,1550,2023-07-11,5,10
1550,1551,2023-07-11,6,9
1551,1552,2023-07-11,8,21
1552,1553,2023-07-11,11,17
1553,1554,2023-07-11,12,20
1554,1555,2023-07-11,13,23
1555,1556,2023-07-11,14,24
1556,1557,2023-07-11,15,30
1557,1558,2023-07-11,19,22
1558,1559,2023-07-11,25,29
1559,1560,2023-07-11,26,27
1560,1561,2023-07-12,1,22
1561,1562,2023-07-12,2,15
1562,1563,2023-07-12,3,14
1563,1564,2023-07-12,4,13
1564,1565,2023-07-12,5,9
1565,1566,2023-07-12,6,29
1566,1567,2023-07-12,7,12
1567,1568,2023-07-12,8,26
1568,1569,2023-07-12,10,21
1569,1570,2023-07-12,11,30
1570,1571,2023-07-12,16,24
1571,1572,2023-07-12,17,25
1572,1573,2023-07-12,18,28
1573,1574,2023-07-12,19,27
1574,1575,2023-07-12,20,23
1575,1576,2023-07-13,1,9
1576,1577,2023-07-13,2,30
1577,1578,2023-07-13,3,20
1578,1579,2023-07-13,4,27
1579,1580,2023-07-13,5,15
1580,1581,2023-07-13,6,29
1581,1582,2023-07-13,7,13
1582,1583,2023-07-13,8,16
1583,1584,2023-07-13,10,21
1584,1585,2023-07-13,11,24
1585,1586,2023-07-13,12,17
1586,1587,2023-07-13,14,19
1587,1588,2023-07-13,18,22
1588,1589,2023-07-13,23,26
1589,1590,2023-07-13,25,28
1590,1591,2023-07-14,1,8
1591,1592,2023-07-14,2,14
1592,1593,2023-07-14,3,25
1593,1594,2023-07-14,4,19
1594,1595,2023-07-14,5,13
1595,1596,2023-07-14,6,18
1596,1597,2023-07-14,7,28
1597,1598,2023-07-14,9,24
1598,1599,2023-07-14,10,11
1599,1600,2023-07-14,12,21
1600,1601,2023-07-14,15,20
1601,1602,2023-07-14,16,23
1602,1603,2023-07-14,17,30
1603,1604,2023-07-14,22,29
1604,1605,2023-07-14,26,27
1605,1606,2023-07-15,1,19
1606,1607,2023-07-15,2,11
1607,1608,2023-07-15,3,10
1608,1609,2023-07-15,4,20
1609,1610,2023-07-15,5,27
1610,1611,2023-07-15,6,21
1611,1612,2023-07-15,7,8
1612,1613,2023-07-15,9,13
1613,1614,2023-07-15,12,14
1614,1615,2023-07-15,15,16
1615,1616,2023-07-15,17,26
1616,1617,2023-07-15,18,29
1617,1618,2023-07-15,22,25
1618,1619,2023-07-15,23,28
1619,1620,2023-07-15,24,30
1620,1621,2023-07-16,1,4
1621,1622,2023-07-16,2,17
1622,1623,2023-07-16,3,28
1623,1624,2023-07-16,5,13
1624,1625,2023-07-16,6,24
1625,1626,2023-07-16,7,14
1626,1627,2023-07-16,8,27
1627,1628,2023-07-16,9,29
1628,1629,2023-07-16,10,21
1629,1630,2023-07-16,11,30
1630,1631,2023-07-16,12,23
1631,1632,2023-07-16,15,19
1632,1633,2023-07-16,16,22
1633,1634,2023-07-16,18,26
1634,1635,2023-07-16,20,25
1635,1636,2023-07-17,1,9
1636,1637,2023-07-17,2,14
1637,1638,2023-07-17,3,29
1638,1639,2023-07-17,4,21
1639,1640,2023-07-17,5,26
1640,1641,2023-07-17,6,12
1641,1642,2023-07-17,7,17
1642,1643,2023-07-17,8,13
1643,1644,2023-07-17,10,25
1644,1645,2023-07-17,11,28
1645,1646,2023-07-17,15,19
1646,1647,2023-07-17,16,27
1647,1648,2023-07-17,18,20
1648,1649,2023-07-17,22,24
1649,1650,2023-07-17,23,30
1650,1651,2023-07-18,1,29
1651,1652,2023-07-18,2,8
1652,1653,2023-07-18,3,22
1653,1654,2023-07-18,4,12
1654,1655,2023-07-18,5,27
1655,1656,2023-07-18,6,20
1656,1657,2023-07-18,7,10
1657,1658,2023-07-18,9,17
1658,1659,2023-07-18,11,14
1659,1660,2023-07-18,13,15
1660,1661,2023-07-18,16,21
1661,1662,2023-07-18,18,25
1662,1663,2023-07-18,19,26
1663,1664,2023-07-18,23,30
1664,1665,2023-07-18,24,28
1665,1666,2023-07-19,1,19
1666,1667,2023-07-19,2,17
1667,1668,2023-07-19,3,15
1668,1669,2023-07-19,4,8
1669,1670,2023-07-19,5,7
1670,1671,2023-07-19,6,9
1671,1672,2023-07-19,10,29
1672,1673,2023-07-19,11,16
1673,1674,2023-07-19,12,14
1674,1675,2023-07-19,13,18
1675,1676,2023-07-19,20,23
1676,1677,2023-07-19,21,30
1677,1678,2023-07-19,22,24
1678,1679,2023-07-19,25,26
1679,1680,2023-07-19,27,28
1680,1681,2023-07-20,1,6
1681,1682,2023-07-20,2,5
1682,1683,2023-07-20,3,25
1683,1684,2023-07-20,4,30
1684,1685,2023-07-20,7,19
1685,1686,2023-07-20,8,12
1686,1687,2023-07-20,9,23
1687,1688,2023-07-20,10,24
1688,1689,2023-07-20,11,27
1689,1690,2023-07-20,13,20
1690,1691,2023-07-20,14,26
1691,1692,2023-07-20,15,22
1692,1693,2023-07-20,16,29
1693,1694,2023-07-20,17,18
1694,1695,2023-07-20,21,28
1695,1696,2023-07-21,1,23
1696,1697,2023-07-21,2,20
1697,1698,2023-07-21,3,14
1698,1699,2023-07-21,4,15
1699,1700,2023-07-21,5,24
1700,1701,2023-07-21,6,18
1701,1702,2023-07-21,7,27
1702,1703,2023-07-21,8,19
1703,1704,2023-07-21,9,13
1704,1705,2023-07-21,10,11
1705,1706,2023-07-21,12,29
1706,1707,2023-07-21,16,25
1707,1708,2023-07-21,17,26
1708,1709,2023-07-21,21,28
1709,1710,2023-07-21,22,30
1710,1711,2023-07-22,1,18
1711,1712,2023-07-22,2,11
1712,1713,2023-07-22,3,5
1713,1714,2023-07-22,4,25
1714,1715,2023-07-22,6,12
1715,1716,2023-07-22,7,22
1716,1717,2023-07-22,8,24
1717,1718,2023-07-22,9,26
1718,1719,2023-07-22,10,14
1719,1720,2023-07-22,13,20
1720,1721,2023-07-22,15,17
1721,1722,2023-07-22,16,27
1722,1723,2023-07-22,19,30
1723,1724,2023-07-22,21,29
1724,1725,2023-07-22,23,28
1725,1726,2023-07-23,1,27
1726,1727,2023-07-23,2,11
1727,1728,2023-07-23,3,17
1728,1729,2023-07-23,4,29
1729,1730,2023-07-23,5,23
1730,1731,2023-07-23,6,21
1731,1732,2023-07-23,7,28
1732,1733,2023-07-23,8,26
1733,1734,2023-07-23,9,16
1734,1735,2023-07-23,10,13
1735,1736,2023-07-23,12,15
1736,1737,2023-07-23,14,18
1737,1738,2023-07-23,19,25
1738,1739,2023-07-23,20,30
1739,1740,2023-07-23,22,24
1740,1741,2023-07-24,1,23
1741,1742,2023-07-24,2,7
1742,1743,2023-07-24,3,19
1743,1744,2023-07-24,4,10
1744,1745,2023-07-24,5,28
1745,1746,2023-07-24,6,24
1746,1747,2023-07-24,8,13
1747,1748,2023-07-24,9,22
1748,1749,2023-07-24,11,16
1749,1750,2023-07-24,12,17
1750,1751,2023-07-24,14,29
1751,1752,2023-07-24,15,27
1752,1753,2023-07-24,18,25
1753,1754,2023-07-24,20,26
1754,1755,2023-07-24,21,30
1755,1756,2023-07-25,1,14
1756,1757,2023-07-25,2,9
1757,1758,2023-07-25,3,29
1758,1759,2023-07-25,4,5
1759,1760,2023-07-25,6,7
1760,1761,2023-07-25,8,16
1761,1762,2023-07-25,10,28
1762,1763,2023-07-25,11,15
1763,1764,2023-07-25,12,18
1764,1765,2023-07-25,13,20
1765,1766,2023-07-25,17,22
1766,1767,2023-07-25,19,21
1767,1768,2023-07-25,23,24
1768,1769,2023-07-25,25,30
1769,1770,2023-07-25,26,27
1770,1771,2023-07-26,1,8
1771,1772,2023-07-26,2,14
1772,1773,2023-07-26,3,20
1773,1774,2023-07-26,4,11
1774,1775,2023-07-26,5,29
1775,1776,2023-07-26,6,9
1776,1777,2023-07-26,7,22
1777,1778,2023-07-26,10,30
1778,1779,2023-07-26,12,13
1779,1780,2023-07-26,15,23
1780,1781,2023-07-26,16,19
1781,1782,2023-07-26,17,25
1782,1783,2023-07-26,18,21
1783,1784,2023-07-26,24,26
1784,1785,2023-07-26,27,28
1785,1786,2023-07-27,1,22
1786,1787,2023-07-27,2,13
1787,1788,2023-07-27,3,20
1788,1789,2023-07-27,4,18
1789,1790,2023-07-27,5,12
1790,1791,2023-07-27,6,8
1791,1792,2023-07-27,7,16
1792,1793,2023-07-27,9,23
1793,1794,2023-07-27,10,25
1794,1795,2023-07-27,11,21
1795,1796,2023-07-27,14,26
1796,1797,2023-07-27,15,27
1797,1798,2023-07-27,17,24
1798,1799,2023-07-27,19,30
1799,1800,2023-07-27,28,29
1800,1801,2023-07-28,1,15
1801,1802,2023-07-28,2,8
1802,1803,2023-07-28,3,20
1803,1804,2023-07-28,4,27
1804,1805,2023-07-28,5,12
1805,1806,2023-07-28,6,21
1806,1807,2023-07-28,7,10
1807,1808,2023-07-28,9,26
1808,1809,2023-07-28,11,22
1809,1810,2023-07-28,13,14
1810,1811,2023-07-28,16,30
1811,1812,2023-07-28,17,19
1812,1813,2023-07-28,18,24
1813,1814,2023-07-28,23,29
1814,1815,2023-07-28,25,28
1815,1816,2023-07-29,1,9
1816,1817,2023-07-29,2,8
1817,1818,2023-07-29,3,23
1818,1819,2023-07-29,4,24
1819,1820,2023-07-29,5,18
1820,1821,2023-07-29,6,14
1821,1822,2023-07-29,7,20
1822,1823,2023-07-29,10,28
1823,1824,2023-07-29,11,16
1824,1825,2023-07-29,12,22
1825,1826,2023-07-29,13,27
1826,1827,2023-07-29,15,30
1827,1828,2023-07-29,17,21
1828,1829,2023-07-29,19,26
1829,1830,2023-07-29,25,29
1830,1831,2023-07-30,1,5
1831,1832,2023-07-30,2,20
1832,1833,2023-07-30,3,8
1833,1834,2023-07-30,4,14
1834,1835,2023-07-30,6,13
1835,1836,2023-07-30,7,18
1836,1837,2023-07-30,9,27
1837,1838,2023-07-30,10,22
1838,1839,2023-07-30,11,28
1839,1840,2023-07-30,12,25
1840,1841,2023-07-30,15,24
1841,1842,2023-07-30,16,19
1842,1843,2023-07-30,17,26
1843,1844,2023-07-30,21,23
1844,1845,2023-07-30,29,30
1845,1846,2023-07-31,1,9
1846,1847,2023-07-31,2,23
1847,1848,2023-07-31,3,25
1848,1849,2023-07-31,4,13
1849,1850,2023-07-31,5,11
1850,1851,2023-07-31,6,10
1851,1852,2023-07-31,7,30
1852,1853,2023-07-31,8,22
1853,1854,2023-07-31,12,24
1854,1855,2023-07-31,14,28
1855,1856,2023-07-31,15,26
1856,1857,2023-07-31,16,20
1857,1858,2023-07-31,17,19
1858,1859,2023-07-31,18,29
1859,1860,2023-07-31,21,27
1860,1861,2023-08-01,1,15
1861,1862,2023-08-01,2,29
1862,1863,2023-08-01,3,16
1863,1864,2023-08-01,4,8
1864,1865,2023-08-01,5,30
1865,1866,2023-08-01,6,18
1866,1867,2023-08-01,7,23
1867,1868,2023-08-01,9,20
1868,1869,2023-08-01,10,19
1869,1870,2023-08-01,11,26
1870,1871,2023-08-01,12,22
1871,1872,2023-08-01,13,28
1872,1873,2023-08-01,14,21
1873,1874,2023-08-01,17,25
1874,1875,2023-08-01,24,27
1875,1876,2023-08-02,1,23
1876,1877,2023-08-02,2,24
1877,1878,2023-08-02,3,5
1878,1879,2023-08-02,4,14
1879,1880,2023-08-02,6,20
1880,1881,2023-08-02,7,19
1881,1882,2023-08-02,8,12
1882,1883,2023-08-02,9,28
1883,1884,2023-08-02,10,15
1884,1885,2023-08-02,11,21
1885,1886,2023-08-02,13,27
1886,1887,2023-08-02,16,29
1887,1888,2023-08-02,17,18
1888,1889,2023-08-02,22,30
1889,1890,2023-08-02,25,26
1890,1891,2023-08-03,1,22
1891,1892,2023-08-03,2,19
1892,1893,2023-08-03,3,26
1893,1894,2023-08-03,4,7
1894,1895,2023-08-03,5,27
1895,1896,2023-08-03,6,16
1896,1897,2023-08-03,8,29
1897,1898,2023-08-03,9,13
1898,1899,2023-08-03,10,12
1899,1900,2023-08-03,11,15
1900,1901,2023-08-03,14,24
1901,1902,2023-08-03,17,28
1902,1903,2023-08-03,18,25
1903,1904,2023-08-03,20,21
1904,1905,2023-08-03,23,30
1905,1906,2023-08-04,1,15
1906,1907,2023-08-04,2,29
1907,1908,2023-08-04,3,12
1908,1909,2023-08-04,4,16
1909,1910,2023-08-04,5,24
1910,1911,2023-08-04,6,7
1911,1912,2023-08-04,8,18
1912,1913,2023-08-04,9,25
1913,1914,2023-08-04,10,26
1914,1915,2023-08-04,11,21
1915,1916,2023-08-04,13,28
1916,1917,2023-08-04,14,19
1917,1918,2023-08-04,17,20
1918,1919,2023-08-04,22,23
1919,1920,2023-08-04,27,30
1920,1921,2023-08-05,1,4
1921,1922,2023-08-05,2,6
1922,1923,2023-08-05,3,29
1923,1924,2023-08-05,5,26
1924,1925,2023-08-05,7,25
1925,1926,2023-08-05,8,9
1926,1927,2023-08-05,10,18
1927,1928,2023-08-05,11,20
1928,1929,2023-08-05,12,22
1929,1930,2023-08-05,13,28
1930,1931,2023-08-05,14,27
1931,1932,2023-08-05,15,19
1932,1933,2023-08-05,16,23
1933,1934,2023-08-05,17,21
1934,1935,2023-08-05,24,30
1935,1936,2023-08-06,1,16
1936,1937,2023-08-06,2,14
1937,1938,2023-08-06,3,12
1938,1939,2023-08-06,4,9
1939,1940,2023-08-06,5,21
1940,1941,2023-08-06,6,30
1941,1942,2023-08-06,7,13
1942,1943,2023-08-06,8,15
1943,1944,2023-08-06,10,22
1944,1945,2023-08-06,11,29
1945,1946,2023-08-06,17,19
1946,1947,2023-08-06,18,23
1947,1948,2023-08-06,20,28
1948,1949,2023-08-06,24,27
1949,1950,2023-08-06,25,26
1950,1951,2023-08-07,1,18
1951,1952,2023-08-07,2,5
1952,1953,2023-08-07,3,10
1953,1954,2023-08-07,4,21
1954,1955,2023-08-07,6,29
1955,1956,2023-08-07,7,14
1956,1957,2023-08-07,8,22
1957,1958,2023-08-07,9,17
1958,1959,2023-08-07,11,26
1959,1960,2023-08-07,12,20
1960,1961,2023-08-07,13,24
1961,1962,2023-08-07,15,16
1962,1963,2023-08-07,19,28
1963,1964,2023-08-07,23,30
1964,1965,2023-08-07,25,27
1965,1966,2023-08-08,1,17
1966,1967,2023-08-08,2,7
1967,1968,2023-08-08,3,30
1968,1969,2023-08-08,4,16
1969,1970,2023-08-08,5,10
1970,1971,2023-08-08,6,14
1971,1972,2023-08-08,8,29
1972,1973,2023-08-08,9,22
1973,1974,2023-08-08,11,21
1974,1975,2023-08-08,12,26
1975,1976,2023-08-08,13,27
1976,1977,2023-08-08,15,18
1977,1978,2023-08-08,19,23
1978,1979,2023-08-08,20,28
1979,1980,2023-08-08,24,25
1980,1981,2023-08-09,1,29
1981,1982,2023-08-09,2,8
1982,1983,2023-08-09,3,30
1983,1984,2023-08-09,4,15
1984,1985,2023-08-09,5,10
1985,1986,2023-08-09,6,24
1986,1987,2023-08-09,7,14
1987,1988,2023-08-09,9,20
1988,1989,2023-08-09,11,16
1989,1990,2023-08-09,12,27
1990,1991,2023-08-09,13,22
1991,1992,2023-08-09,17,26
1992,1993,2023-08-09,18,28
1993,1994,2023-08-09,19,23
1994,1995,2023-08-09,21,25
1995,1996,2023-08-10,1,29
1996,1997,2023-08-10,2,13
1997,1998,2023-08-10,3,18
1998,1999,2023-08-10,4,5
1999,2000,2023-08-10,6,24
2000,2001,2023-08-10,7,28
2001,2002,2023-08-10,8,23
2002,2003,2023-08-10,9,11
2003,2004,2023-08-10,10,16
2004,2005,2023-08-10,12,15
2005,2006,2023-08-10,14,25
2006,2007,2023-08-10,17,21
2007,2008,2023-08-10,19,30
2008,2009,2023-08-10,20,27
2009,2010,2023-08-10,22,26
2010,2011,2023-08-11,1,15
2011,2012,2023-08-11,2,13
2012,2013,2023-08-11,3,22
2013,2014,2023-08-11,4,28
2014,2015,2023-08-11,5,12
2015,2016,2023-08-11,6,24
2016,2017,2023-08-11,7,27
2017,2018,2023-08-11,8,9
2018,2019,2023-08-11,10,18
2019,2020,2023-08-11,11,14
2020,2021,2023-08-11,16,29
2021,2022,2023-08-11,17,19
2022,2023,2023-08-11,20,30
2023,2024,2023-08-11,21,23
2024,2025,2023-08-11,25,26
2025,2026,2023-08-12,1,20
2026,2027,2023-08-12,2,21
2027,2028,2023-08-12,3,23
2028,2029,2023-08-12,4,26
2029,2030,2023-08-12,5,24
2030,2031,2023-08-12,6,7
2031,2032,2023-08-12,8,15
2032,2033,2023-08-12,9,29
2033,2034,2023-08-12,10,27
2034,2035,2023-08-12,11,19
2035,2036,2023-08-12,12,16
2036,2037,2023-08-12,13,22
2037,2038,2023-08-12,14,28
2038,2039,2023-08-12,17,18
2039,2040,2023-08-12,25,30
2040,2041,2023-08-13,1,20
2041,2042,2023-08-13,2,9
2042,2043,2023-08-13,3,26
2043,2044,2023-08-13,4,8
2044,2045,2023-08-13,5,19
2045,2046,2023-08-13,6,14
2046,2047,2023-08-13,7,27
2047,2048,2023-08-13,10,15
2048,2049,2023-08-13,11,13
2049,2050,2023-08-13,12,16
2050,2051,2023-08-13,17,29
2051,2052,2023-08-13,18,30
2052,2053,2023-08-13,21,23
2053,2054,2023-08-13,22,25
2054,2055,2023-08-13,24,28
2055,2056,2023-08-14,1,9
2056,2057,2023-08-14,2,13
2057,2058,2023-08-14,3,26
2058,2059,2023-08-14,4,24
2059,2060,2023-08-14,5,19
2060,2061,2023-08-14,6,23
2061,2062,2023-08-14,7,28
2062,2063,2023-08-14,8,10
2063,2064,2023-08-14,11,21
2064,2065,2023-08-14,12,20
2065,2066,2023-08-14,14,29
2066,2067,2023-08-14,15,25
2067,2068,2023-08-14,16,22
2068,2069,2023-08-14,17,30
2069,2070,2023-08-14,18,27
2070,2071,2023-08-15,1,6
2071,2072,2023-08-15,2,4
2072,2073,2023-08-15,3,22
2073,2074,2023-08-15,5,19
2074,2075,2023-08-15,7,28
2075,2076,2023-08-15,8,21
2076,2077,2023-08-15,9,11
2077,2078,2023-08-15,10,23
2078,2079,2023-08-15,12,14
2079,2080,2023-08-15,13,25
2080,2081,2023-08-15,15,20
2081,2082,2023-08-15,16,30
2082,2083,2023-08-15,17,26
2083,2084,2023-08-15,18,24
2084,2085,2023-08-15,27,29
2085,2086,2023-08-16,1,12
2086,2087,2023-08-16,2,10
2087,2088,2023-08-16,3,17
2088,2089,2023-08-16,4,8
2089,2090,2023-08-16,5,19
2090,2091,2023-08-16,6,14
2091,2092,2023-08-16,7,11
2092,2093,2023-08-16,9,25
2093,2094,2023-08-16,13,28
2094,2095,2023-08-16,15,29
2095,2096,2023-08-16,16,26
2096,2097,2023-08-16,18,22
2097,2098,2023-08-16,20,23
2098,2099,2023-08-16,21,24
2099,2100,2023-08-16,27,30
2100,2101,2023-08-17,1,12
2101,2102,2023-08-17,2,3
2102,2103,2023-08-17,4,20
2103,2104,2023-08-17,5,14
2104,2105,2023-08-17,6,13
2105,2106,2023-08-17,7,10
2106,2107,2023-08-17,8,19
2107,2108,2023-08-17,9,17
2108,2109,2023-08-17,11,24
2109,2110,2023-08-17,15,25
2110,2111,2023-08-17,16,29
2111,2112,2023-08-17,18,30
2112,2113,2023-08-17,21,22
2113,2114,2023-08-17,23,28
2114,2115,2023-08-17,26,27
2115,2116,2023-08-18,1,3
2116,2117,2023-08-18,2,18
2117,2118,2023-08-18,4,21
2118,2119,2023-08-18,5,17
2119,2120,2023-08-18,6,9
2120,2121,2023-08-18,7,27
2121,2122,2023-08-18,8,13
2122,2123,2023-08-18,10,28
2123,2124,2023-08-18,11,19
2124,2125,2023-08-18,12,15
2125,2126,2023-08-18,14,24
2126,2127,2023-08-18,16,26
2127,2128,2023-08-18,20,25
2128,2129,2023-08-18,22,30
2129,2130,2023-08-18,23,29
2130,2131,2023-08-19,1,7
2131,2132,2023-08-19,2,14
2132,2133,2023-08-19,3,11
2133,2134,2023-08-19,4,15
2134,2135,2023-08-19,5,10
2135,2136,2023-08-19,6,26
2136,2137,2023-08-19,8,22
2137,2138,2023-08-19,9,30
2138,2139,2023-08-19,12,23
2139,2140,2023-08-19,13,17
2140,2141,2023-08-19,16,25
2141,2142,2023-08-19,18,20
2142,2143,2023-08-19,19,21
2143,2144,2023-08-19,24,28
2144,2145,2023-08-19,27,29
2145,2146,2023-08-20,1,3
2146,2147,2023-08-20,2,13
2147,2148,2023-08-20,4,15
2148,2149,2023-08-20,5,17
2149,2150,2023-08-20,6,23
2150,2151,2023-08-20,7,24
2151,2152,2023-08-20,8,11
2152,2153,2023-08-20,9,25
2153,2154,2023-08-20,10,21
2154,2155,2023-08-20,12,16
2155,2156,2023-08-20,14,28
2156,2157,2023-08-20,18,20
2157,2158,2023-08-20,19,29
2158,2159,2023-08-20,22,30
2159,2160,2023-08-20,26,27
2160,2161,2023-08-21,1,16
2161,2162,2023-08-21,2,10
2162,2163,2023-08-21,3,21
2163,2164,2023-08-21,4,7
2164,2165,2023-08-21,5,8
2165,2166,2023-08-21,6,20
2166,2167,2023-08-21,9,27
2167,2168,2023-08-21,11,17
2168,2169,2023-08-21,12,25
2169,2170,2023-08-21,13,22
2170,2171,2023-08-21,14,28
2171,2172,2023-08-21,15,26
2172,2173,2023-08-21,18,30
2173,2174,2023-08-21,19,24
2174,2175,2023-08-21,23,29
2175,2176,2023-08-22,1,2
2176,2177,2023-08-22,3,18
2177,2178,2023-08-22,4,27
2178,2179,2023-08-22,5,7
2179,2180,2023-08-22,6,19
2180,2181,2023-08-22,8,30
2181,2182,2023-08-22,9,28
2182,2183,2023-08-22,10,25
2183,2184,2023-08-22,11,20
2184,2185,2023-08-22,12,14
2185,2186,2023-08-22,13,22
2186,2187,2023-08-22,15,24
2187,2188,2023-08-22,16,17
2188,2189,2023-08-22,21,23
2189,2190,2023-08-22,26,29
2190,2191,2023-08-23,1,26
2191,2192,2023-08-23,2,12
2192,2193,2023-08-23,3,9
2193,2194,2023-08-23,4,8
2194,2195,2023-08-23,5,16
2195,2196,2023-08-23,6,7
2196,2197,2023-08-23,10,29
2197,2198,2023-08-23,11,23
2198,2199,2023-08-23,13,14
2199,2200,2023-08-23,15,17
2200,2201,2023-08-23,18,25
2201,2202,2023-08-23,19,20
2202,2203,2023-08-23,21,28
2203,2204,2023-08-23,22,30
2204,2205,2023-08-23,24,27
2205,2206,2023-08-24,1,2
2206,2207,2023-08-24,3,17
2207,2208,2023-08-24,4,8
2208,2209,2023-08-24,5,20
2209,2210,2023-08-24,6,27
2210,2211,2023-08-24,7,26
2211,2212,2023-08-24,9,13
2212,2213,2023-08-24,10,18
2213,2214,2023-08-24,11,22
2214,2215,2023-08-24,12,21
2215,2216,2023-08-24,14,30
2216,2217,2023-08-24,15,24
2217,2218,2023-08-24,16,23
2218,2219,2023-08-24,19,29
2219,2220,2023-08-24,25,28
2220,2221,2023-08-25,1,16
2221,2222,2023-08-25,2,21
2222,2223,2023-08-25,3,24
2223,2224,2023-08-25,4,23
2224,2225,2023-08-25,5,26
2225,2226,2023-08-25,6,8
2226,2227,2023-08-25,7,10
2227,2228,2023-08-25,9,22
2228,2229,2023-08-25,11,20
2229,2230,2023-08-25,12,15
2230,2231,2023-08-25,13,28
2231,2232,2023-08-25,14,17
2232,2233,2023-08-25,18,30
2233,2234,2023-08-25,19,25
2234,2235,2023-08-25,27,29
2235,2236,2023-08-26,1,6
2236,2237,2023-08-26,2,28
2237,2238,2023-08-26,3,30
2238,2239,2023-08-26,4,21
2239,2240,2023-08-26,5,10
2240,2241,2023-08-26,7,18
2241,2242,2023-08-26,8,25
2242,2243,2023-08-26,9,11
2243,2244,2023-08-26,12,19
2244,2245,2023-08-26,13,17
2245,2246,2023-08-26,14,26
2246,2247,2023-08-26,15,27
2247,2248,2023-08-26,16,23
2248,2249,2023-08-26,20,22
2249,2250,2023-08-26,24,29
2250,2251,2023-08-27,1,24
2251,2252,2023-08-27,2,17
2252,2253,2023-08-27,3,29
2253,2254,2023-08-27,4,6
2254,2255,2023-08-27,5,27
2255,2256,2023-08-27,7,26
2256,2257,2023-08-27,8,11
2257,2258,2023-08-27,9,10
2258,2259,2023-08-27,12,21
2259,2260,2023-08-27,13,23
2260,2261,2023-08-27,14,19
2261,2262,2023-08-27,15,20
2262,2263,2023-08-27,16,22
2263,2264,2023-08-27,18,25
2264,2265,2023-08-27,28,30
2265,2266,2023-08-28,1,16
2266,2267,2023-08-28,2,6
2267,2268,2023-08-28,3,20
2268,2269,2023-08-28,4,10
2269,2270,2023-08-28,5,17
2270,2271,2023-08-28,7,29
2271,2272,2023-08-28,8,30
2272,2273,2023-08-28,9,12
2273,2274,2023-08-28,11,15
2274,2275,2023-08-28,13,23
2275,2276,2023-08-28,14,26
2276,2277,2023-08-28,18,24
2277,2278,2023-08-28,19,28
2278,2279,2023-08-28,21,25
2279,2280,2023-08-28,22,27
2280,2281,2023-08-29,1,6
2281,2282,2023-08-29,2,23
2282,2283,2023-08-29,3,14
2283,2284,2023-08-29,4,5
2284,2285,2023-08-29,7,26
2285,2286,2023-08-29,8,17
2286,2287,2023-08-29,9,19
2287,2288,2023-08-29,10,15
2288,2289,2023-08-29,11,24
2289,2290,2023-08-29,12,30
2290,2291,2023-08-29,13,28
2291,2292,2023-08-29,16,25
2292,2293,2023-08-29,18,22
2293,2294,2023-08-29,20,29
2294,2295,2023-08-29,21,27
2295,2296,2023-08-30,1,11
2296,2297,2023-08-30,2,24
2297,2298,2023-08-30,3,4
2298,2299,2023-08-30,5,10
2299,2300,2023-08-30,6,9
2300,2301,2023-08-30,7,17
2301,2302,2023-08-30,8,13
2302,2303,2023-08-30,12,26
2303,2304,2023-08-30,14,19
2304,2305,2023-08-30,15,18
2305,2306,2023-08-30,16,23
2306,2307,2023-08-30,20,21
2307,2308,2023-08-30,22,25
2308,2309,2023-08-30,27,29
2309,2310,2023-08-30,28,30
2310,2311,2023-08-31,1,16
2311,2312,2023-08-31,2,11
2312,2313,2023-08-31,3,28
2313,2314,2023-08-31,4,25
2314,2315,2023-08-31,5,23
2315,2316,2023-08-31,6,12
2316,2317,2023-08-31,7,22
2317,2318,2023-08-31,8,27
2318,2319,2023-08-31,9,21
2319,2320,2023-08-31,10,18
2320,2321,2023-08-31,13,30
2321,2322,2023-08-31,14,24
2322,2323,2023-08-31,15,20
2323,2324,2023-08-31,17,29
2324,2325,2023-08-31,19,26
2325,2326,2023-09-01,1,6
2326,2327,2023-09-01,2,12
2327,2328,2023-09-01,3,11
2328,2329,2023-09-01,4,13
2329,2330,2023-09-01,5,17
2330,2331,2023-09-01,7,14
2331,2332,2023-09-01,8,10
2332,2333,2023-09-01,9,30
2333,2334,2023-09-01,15,28
2334,2335,2023-09-01,16,24
2335,2336,2023-09-01,18,25
2336,2337,2023-09-01,19,26
2337,2338,2023-09-01,20,21
2338,2339,2023-09-01,22,29
2339,2340,2023-09-01,23,27
2340,2341,2023-09-02,1,3
2341,2342,2023-09-02,2,16
2342,2343,2023-09-02,4,6
2343,2344,2023-09-02,5,24
2344,2345,2023-09-02,7,25
2345,2346,2023-09-02,8,10
2346,2347,2023-09-02,9,28
2347,2348,2023-09-02,11,29
2348,2349,2023-09-02,12,26
2349,2350,2023-09-02,13,18
2350,2351,2023-09-02,14,22
2351,2352,2023-09-02,15,27
2352,2353,2023-09-02,17,23
2353,2354,2023-09-02,19,21
2354,2355,2023-09-02,20,30
2355,2356,2023-09-03,1,22
2356,2357,2023-09-03,2,5
2357,2358,2023-09-03,3,30
2358,2359,2023-09-03,4,18
2359,2360,2023-09-03,6,20
2360,2361,2023-09-03,7,25
2361,2362,2023-09-03,8,15
2362,2363,2023-09-03,9,12
2363,2364,2023-09-03,10,23
2364,2365,2023-09-03,11,26
2365,2366,2023-09-03,13,29
2366,2367,2023-09-03,14,27
2367,2368,2023-09-03,16,17
2368,2369,2023-09-03,19,21
2369,2370,2023-09-03,24,28
2370,2371,2023-09-04,1,14
2371,2372,2023-09-04,2,10
2372,2373,2023-09-04,3,12
2373,2374,2023-09-04,4,9
2374,2375,2023-09-04,5,17
2375,2376,2023-09-04,6,25
2376,2377,2023-09-04,7,16
2377,2378,2023-09-04,8,26
2378,2379,2023-09-04,11,30
2379,2380,2023-09-04,13,15
2380,2381,2023-09-04,18,21
2381,2382,2023-09-04,19,28
2382,2383,2023-09-04,20,24
2383,2384,2023-09-04,22,29
2384,2385,2023-09-04,23,27
2385,2386,2023-09-05,1,13
2386,2387,2023-09-05,2,5
2387,2388,2023-09-05,3,16
2388,2389,2023-09-05,4,28
2389,2390,2023-09-05,6,9
2390,2391,2023-09-05,7,22
2391,2392,2023-09-05,8,11
2392,2393,2023-09-05,10,29
2393,2394,2023-09-05,12,26
2394,2395,2023-09-05,14,25
2395,2396,2023-09-05,15,17
2396,2397,2023-09-05,18,27
2397,2398,2023-09-05,19,24
2398,2399,2023-09-05,20,30
2399,2400,2023-09-05,21,23
2400,2401,2023-09-06,1,27
2401,2402,2023-09-06,2,5
2402,2403,2023-09-06,3,19
2403,2404,2023-09-06,4,21
2404,2405,2023-09-06,6,7
2405,2406,2023-09-06,8,14
2406,2407,2023-09-06,9,24
2407,2408,2023-09-06,10,17
2408,2409,2023-09-06,11,12
2409,2410,2023-09-06,13,15
2410,2411,2023-09-06,16,26
2411,2412,2023-09-06,18,28
2412,2413,2023-09-06,20,29
2413,2414,2023-09-06,22,25
2414,2415,2023-09-06,23,30
2415,2416,2023-09-07,1,29
2416,2417,2023-09-07,2,4
2417,2418,2023-09-07,3,30
2418,2419,2023-09-07,5,25
2419,2420,2023-09-07,6,13
2420,2421,2023-09-07,7,23
2421,2422,2023-09-07,8,22
2422,2423,2023-09-07,9,24
2423,2424,2023-09-07,10,11
2424,2425,2023-09-07,12,26
2425,2426,2023-09-07,14,20
2426,2427,2023-09-07,15,18
2427,2428,2023-09-07,16,17
2428,2429,2023-09-07,19,28
2429,2430,2023-09-07,21,27
